FabricBegin,,,,,,,,,,,,,,,,,,
NULL,N_term_single,N_term_single,N_term_single,N_term_single,N_term_single,N_term_single,N_term_single,N_term_single,N_term_single,N_term_single,N_term_RAM_IO,,#,,,,,,,
W_IO,LUT4AB,LUT4AB,LUT4AB,LUT4AB,LUT4AB,LUT4AB,LUT4AB,LUT4AB,LUT4AB,LUT4AB,AXI_M_IO_E_5,,#,,,,,,,
W_IO,LUT4AB,LUT4AB,LUT4AB,LUT4AB,LUT4AB,LUT4AB,LUT4AB,LUT4AB,LUT4AB,LUT4AB,AXI_M_IO_E_4,,#,,,,,,,
W_IO,LUT4AB,LUT4AB,LUT4AB,LUT4AB,LUT4AB,LUT4AB,LUT4AB,LUT4AB,LUT4AB,LUT4AB,AXI_M_IO_E_3,,#,,,,,,,
W_IO,LUT4AB,LUT4AB,LUT4AB,LUT4AB,LUT4AB,LUT4AB,LUT4AB,LUT4AB,LUT4AB,LUT4AB,AXI_M_IO_E_2,,#,,,,,,,
W_IO,LUT4AB,LUT4AB,LUT4AB,LUT4AB,LUT4AB,LUT4AB,LUT4AB,LUT4AB,LUT4AB,LUT4AB,AXI_M_IO_E_1,,#,,,,,,,
W_IO,LUT4AB,LUT4AB,LUT4AB,LUT4AB,LUT4AB,LUT4AB,LUT4AB,LUT4AB,LUT4AB,LUT4AB,AXI_M_IO_E_0,,#,,,,,,,
W_IO,LUT4AB,LUT4AB,LUT4AB,LUT4AB,LUT4AB,LUT4AB,LUT4AB,LUT4AB,LUT4AB,LUT4AB,AXIL_S_IO_E_3,,#,,,,,,,
W_IO,LUT4AB,LUT4AB,LUT4AB,LUT4AB,LUT4AB,LUT4AB,LUT4AB,LUT4AB,LUT4AB,LUT4AB,AXIL_S_IO_E_2,,#,,,,,,,
W_IO,LUT4AB,LUT4AB,LUT4AB,LUT4AB,LUT4AB,LUT4AB,LUT4AB,LUT4AB,LUT4AB,LUT4AB,AXIL_S_IO_E_1,,#,,,,,,,
W_IO,LUT4AB,LUT4AB,LUT4AB,LUT4AB,LUT4AB,LUT4AB,LUT4AB,LUT4AB,LUT4AB,LUT4AB,AXIL_S_IO_E_0,,#,,,,,,,
NULL,S_term_single,S_term_single,S_term_single,S_term_single,S_term_single,S_term_single,S_term_single,S_term_single,S_term_single,S_term_single,S_term_RAM_IO,,#,,,,,,,
FabricEnd,,,,,,,,,,,,,,,,,,

,,,,,,,,,,,,,,,,,,
ParametersBegin,,,,,,,,,,,,,,,,,,
ConfigBitMode,frame_based,# default is FlipFlopChain,,frame_based,,,,,,,,,,,,,,
#FrameBitsPerRow,32,"# we configure an entire configuration frame over the full height of the device (like Virtex-II) and we write FrameBitsPerRow bits per, well, tile=CLB height",,,,,,,,,,,,,,,,
#MaxFramesPerCol,20,,,,,,,,,,,,,,,,,
#Package,use work.my_package.all;,,,,,,,,,,,,,,,,,
GenerateDelayInSwitchMatrix,80,,,,,,,,,,,,,,,,,
MultiplexerStyle,custom,#,custom,generic,,,,,,,,,,,,,,
SuperTileEnable,TRUE,#,TRUE,FALSE,,,,,,,,,,,,,,
,,,,,,,,,,,,,,,,,,
Tile,./Tile/LUT4AB/LUT4AB.csv,,,,,,,,,,,,,,,,,
Tile,./Tile/N_term_single/N_term_single.csv,,,,,,,,,,,,,,,,,
Tile,./Tile/S_term_single/S_term_single.csv,,,,,,,,,,,,,,,,,
Tile,./Tile/RAM_IO/RAM_IO.csv,,,,,,,,,,,,,,,,,
Tile,./Tile/N_term_RAM_IO/N_term_RAM_IO.csv,,,,,,,,,,,,,,,,,
Tile,./Tile/S_term_RAM_IO/S_term_RAM_IO.csv,,,,,,,,,,,,,,,,,
Tile,./Tile/RegFile/RegFile.csv,,,,,,,,,,,,,,,,,
Tile,./Tile/N_term_single2/N_term_single2.csv,,,,,,,,,,,,,,,,,
Tile,./Tile/S_term_single2/S_term_single2.csv,,,,,,,,,,,,,,,,,
Tile,./Tile/W_IO/W_IO.csv,,,,,,,,,,,,,,,,,
Tile,./Tile/DSP/DSP_top/DSP_top.csv,,,,,,,,,,,,,,,,,
Tile,./Tile/DSP/DSP_bot/DSP_bot.csv,,,,,,,,,,,,,,,,,
Tile,./Tile/N_term_DSP/N_term_DSP.csv,,,,,,,,,,,,,,,,,
Tile,./Tile/S_term_DSP/S_term_DSP.csv,,,,,,,,,,,,,,,,,
Tile,./Tile/AXI_M_IO_E/AXI_M_IO_E_0/AXI_M_IO_E_0.csv,,,,,,,,,,,,,,,,,
Tile,./Tile/AXI_M_IO_E/AXI_M_IO_E_1/AXI_M_IO_E_1.csv,,,,,,,,,,,,,,,,,
Tile,./Tile/AXI_M_IO_E/AXI_M_IO_E_2/AXI_M_IO_E_2.csv,,,,,,,,,,,,,,,,,
Tile,./Tile/AXI_M_IO_E/AXI_M_IO_E_3/AXI_M_IO_E_3.csv,,,,,,,,,,,,,,,,,
Tile,./Tile/AXI_M_IO_E/AXI_M_IO_E_4/AXI_M_IO_E_4.csv,,,,,,,,,,,,,,,,,
Tile,./Tile/AXI_M_IO_E/AXI_M_IO_E_5/AXI_M_IO_E_5.csv,,,,,,,,,,,,,,,,,
Tile,./Tile/AXIL_S_IO_E/AXIL_S_IO_E_0/AXIL_S_IO_E_0.csv,,,,,,,,,,,,,,,,,
Tile,./Tile/AXIL_S_IO_E/AXIL_S_IO_E_1/AXIL_S_IO_E_1.csv,,,,,,,,,,,,,,,,,
Tile,./Tile/AXIL_S_IO_E/AXIL_S_IO_E_2/AXIL_S_IO_E_2.csv,,,,,,,,,,,,,,,,,
Tile,./Tile/AXIL_S_IO_E/AXIL_S_IO_E_3/AXIL_S_IO_E_3.csv,,,,,,,,,,,,,,,,,
,,,,,,,,,,,,,,,,,,
Supertile,./Tile/DSP/DSP.csv,,,,,,,,,,,,,,,,,
Supertile,./Tile/AXI_M_IO_E/AXI_M_IO_E.csv,,,,,,,,,,,,,,,,,
Supertile,./Tile/AXIL_S_IO_E/AXIL_S_IO_E.csv,,,,,,,,,,,,,,,,,
,,,,,,,,,,,,,,,,,,

ParametersEnd,,,,,,,,,,,,,,,,,,
